구,행정동,설치장소,경도,위도
은평구,녹번동,서울특별시 은평구 은평로9길 23,126.9216765,37.60236221
은평구,녹번동,서울특별시 은평구 응암로 347,126.9221997,37.60220479
은평구,녹번동,서울특별시 은평구 은평로11길 17-1,126.9231706,37.60242088
은평구,녹번동,서울특별시 은평구 은평로11길 24,126.9235263,37.60288365
은평구,녹번동,서울특별시 은평구 은평로11길 35,126.9233978,37.6039457
은평구,녹번동,서울특별시 은평구 은평로13길 34,126.9240085,37.60400532
은평구,녹번동,서울특별시 은평구 서오릉로 28,126.9256908,37.60357011
은평구,녹번동,서울특별시 은평구 서오릉로 30-16,126.9263943,37.60347739
은평구,녹번동,서울특별시 은평구 녹번로1길 17,126.9268365,37.60502217
은평구,녹번동,서울특별시 은평구 녹번로3길 11,126.9276519,37.60581348
은평구,녹번동,서울특별시 은평구 녹번로7길 30,126.9285837,37.60638958
은평구,녹번동,서울특별시 은평구 녹번로3길 8-3,126.9282628,37.60586407
은평구,녹번동,서울특별시 은평구 서오릉로4길 18-1,126.9260932,37.60552
은평구,녹번동,서울특별시 은평구 서오릉로4길 10,126.9258637,37.60494125
은평구,녹번동,서울특별시 은평구 서오릉로 48-7,126.924429,37.60547783
은평구,녹번동,서울특별시 은평구 서오릉로6가길 3,126.9244605,37.60643321
은평구,녹번동,서울특별시 은평구 서오릉로6길 18,126.9248446,37.60649978
은평구,녹번동,서울특별시 은평구 서오릉로6길 3,126.9235344,37.60625358
은평구,녹번동,서울특별시 은평구 서오릉로 64-2,126.9234199,37.60634264
은평구,녹번동,서울특별시 은평구 진흥로 122-3,126.9241222,37.60712393
은평구,녹번동,서울특별시 은평구 진흥로 138-25,126.9247375,37.60685922
은평구,녹번동,서울특별시 은평구 진흥로 138-5,126.9256317,37.60768729
은평구,녹번동,서울특별시 은평구 녹번로3길 17-1,126.9270372,37.60603315
은평구,녹번동,서울특별시 은평구 진흥로12가길 8-43,126.9282052,37.60751244
은평구,녹번동,서울특별시 은평구 진흥로12가길 18-12,126.9283652,37.60740576
은평구,녹번동,서울특별시 은평구 진흥로12가길 11,126.9279237,37.60818566
은평구,녹번동,서울특별시 은평구 진흥로12가길 14,126.9280618,37.60803373
은평구,녹번동,서울특별시 은평구 녹번로9길 5,126.9310559,37.60695259
은평구,녹번동,서울특별시 은평구 녹번로7길 14,126.9300376,37.6068803
은평구,녹번동,서울특별시 은평구 통일로 665-4,126.9333806,37.60595543
은평구,녹번동,서울특별시 은평구 통일로59길 16,126.9323502,37.6051442
은평구,녹번동,서울특별시 은평구 녹번로6길 13,126.9324913,37.60557797
은평구,녹번동,서울특별시 은평구 통일로59길 8-10,126.9327828,37.60577884
은평구,녹번동,서울특별시 은평구 통일로57길 6-11,126.9333018,37.60512577
은평구,녹번동,서울특별시 은평구 통일로57길 16,126.932834,37.60457191
은평구,녹번동,서울특별시 은평구 통일로53길 12,126.9334889,37.60392007
은평구,녹번동,서울특별시 은평구 통일로 639-9,126.9339456,37.60366289
은평구,녹번동,서울특별시 은평구 통일로53길 9-13,126.9343779,37.60352263
은평구,녹번동,서울특별시 은평구 은평로21길 3,126.9335588,37.60139781
은평구,녹번동,서울특별시 은평구 은평로21길 11,126.9328521,37.6017158
은평구,녹번동,서울특별시 은평구 은평로21길 31-15,126.9312297,37.6019264
은평구,녹번동,서울특별시 은평구 은평로21길 30-2,126.9314689,37.60262236
은평구,녹번동,서울특별시 은평구 은평로21길 42,126.9298779,37.60300441
은평구,녹번동,서울특별시 은평구 은평로21가길 4,126.929534,37.60329864
은평구,녹번동,서울특별시 은평구 은평로21가길 13,126.9298504,37.60413947
은평구,녹번동,서울특별시 은평구 은평로21가길 25,126.9310872,37.60476336
은평구,녹번동,서울특별시 은평구 녹번로4길 6,126.9302073,37.60531404
은평구,녹번동,서울특별시 은평구 녹번로 55,126.9306461,37.60630915
은평구,녹번동,서울특별시 은평구 녹번로 53-3,126.9302981,37.60608975
은평구,녹번동,서울특별시 은평구 녹번로 45,126.9294542,37.60570367
은평구,녹번동,서울특별시 은평구 녹번로 6-30,126.9283742,37.6028286
은평구,불광1동,서울특별시 은평구 진흥로19길 14,126.9406031,37.611778
은평구,불광1동,서울특별시 은평구 진흥로19길 23,126.9396268,37.61193143
은평구,불광1동,서울특별시 은평구 진흥로15길 3,126.9320361,37.60969158
은평구,불광1동,서울특별시 은평구 통일로66길 6-3,126.9311999,37.61035078
은평구,불광1동,서울특별시 은평구 진흥로15길 22-15,126.9326895,37.61152658
은평구,불광1동,서울특별시 은평구 불광로5길 4,126.9319921,37.61435852
은평구,불광1동,서울특별시 은평구 불광로6길 7,126.9331496,37.6142068
은평구,불광1동,서울특별시 은평구 불광로6길 11,126.9334013,37.61402886
은평구,불광1동,서울특별시 은평구 불광로6길 5-4,126.9330131,37.61425061
은평구,불광1동,서울특별시 은평구 불광로8길 12,126.9339449,37.6164215
은평구,불광1동,서울특별시 은평구 불광로8길 8,126.9336772,37.61613076
은평구,불광1동,서울특별시 은평구 불광로10길 8,126.9334194,37.61673212
은평구,불광1동,서울특별시 은평구 불광로10길 20,126.9338143,37.61763671
은평구,불광1동,서울특별시 은평구 불광로14길 3,126.9329059,37.61937651
은평구,불광1동,서울특별시 은평구 불광로14길 5,126.9330061,37.61950356
은평구,불광1동,서울특별시 은평구 불광로156-12,126.9328088,37.62062807
은평구,불광1동,서울특별시 은평구 불광1동 222-11,126.9327905,37.61714992
은평구,불광1동,서울특별시 은평구 불광로145,126.9319745,37.61955731
은평구,불광1동,서울특별시 은평구 불광로13가길 8-1,126.9321193,37.618144
은평구,불광1동,서울특별시 은평구 불광로11길 9-3,126.9319485,37.61661972
은평구,불광1동,서울특별시 은평구 불광로11길 3,126.9323267,37.61630778
은평구,불광1동,서울특별시 은평구 불광로9길 7,126.9322065,37.61600034
은평구,불광1동,서울특별시 은평구 불광로13길 1,126.932901,37.61813305
은평구,불광1동,서울특별시 은평구 불광로 137-11,126.9323977,37.6184799
은평구,불광1동,서울특별시 은평구 불광로13길 19,126.9316553,37.61731987
은평구,불광1동,서울특별시 은평구 불광로9가길 8-1,126.9313889,37.61693903
은평구,불광1동,서울특별시 은평구 불광로9가길 1,126.9309995,37.61644895
은평구,불광1동,서울특별시 은평구 통일로68가길 17-1,126.9294621,37.61385808
은평구,불광1동,서울특별시 은평구 통일로68가길 18-2,126.9300614,37.61392658
은평구,불광1동,서울특별시 은평구 통일로68가길 5,126.929194,37.61280145
은평구,불광1동,서울특별시 은평구 통일로68가길 3,126.9288592,37.61245602
은평구,불광1동,서울특별시 은평구 통일로68가길 13,126.9293557,37.61337957
은평구,불광1동,서울특별시 은평구 통일로68길 23,126.9303404,37.61342453
은평구,불광1동,서울특별시 은평구 통일로68가길 36,126.9302239,37.61523455
은평구,불광1동,서울특별시 은평구 불광로3길 10-1,126.9314304,37.61324518
은평구,불광1동,서울특별시 은평구 통일로72길 5-14,126.9243901,37.61683948
은평구,불광1동,서울특별시 은평구 통일로78길 22-18,126.9240209,37.61809756
은평구,불광1동,서울특별시 은평구 통일로78길 22-13,126.9244836,37.61821891
은평구,불광1동,서울특별시 은평구 통일로72길 33,126.9248288,37.61862751
은평구,불광1동,서울특별시 은평구 통일로72길 22,126.9255429,37.61780506
은평구,불광1동,서울특별시 은평구 통일로72길 30-59,126.9260255,37.6173319
은평구,불광1동,서울특별시 은평구 통일로72길 30-43,126.9267493,37.61741056
은평구,불광1동,서울특별시 은평구 통일로78가길 16,126.9262267,37.61830685
은평구,불광1동,서울특별시 은평구 통일로78가길 29-1,126.9278166,37.61802394
은평구,불광1동,서울특별시 은평구 통일로78가길 31,126.928157,37.61798198
은평구,불광1동,서울특별시 은평구 통일로78가길 29-6,126.9281165,37.61844114
은평구,불광1동,서울특별시 은평구 통일로78가길 13-37,126.9268309,37.61882592
은평구,불광1동,서울특별시 은평구 통일로78가길 13-129,126.9278885,37.61933109
은평구,불광1동,서울특별시 은평구 연서로34가길 13,126.9284662,37.62012023
은평구,불광1동,서울특별시 은평구 연서로34가길 8,126.9279851,37.6204943
은평구,불광1동,서울특별시 은평구 연서로34가길 1,126.9282368,37.62110928
은평구,불광1동,서울특별시 은평구 연서로34가길 6-7,126.9277374,37.62038392
은평구,불광1동,서울특별시 은평구 연서로34가길 6-11,126.9274557,37.62028225
은평구,불광1동,서울특별시 은평구 통일로78길 46,126.9265673,37.61983268
은평구,불광1동,서울특별시 은평구 통일로78길 31,126.925227,37.6192979
은평구,불광1동,서울특별시 은평구 연서로32길 16-3,126.9241638,37.61918911
은평구,불광1동,서울특별시 은평구 연서로32길 15,126.9245141,37.61924636
은평구,불광2동,서울특별시 은평구 연서로40길 2-4,126.92786,37.62289891
은평구,불광2동,서울특별시 은평구 연서로38길 20,126.9287054,37.622402
은평구,불광2동,서울특별시 은평구 연서로38길 16,126.9285397,37.62210316
은평구,불광2동,서울특별시 은평구 연서로38길 30,126.929616,37.6228878
은평구,불광2동,서울특별시 은평구 불광로 179-14,126.9304947,37.62243623
은평구,불광2동,서울특별시 은평구 연서로34길 7-7,126.9270282,37.62165695
은평구,불광2동,서울특별시 은평구 연서로 324,126.9285454,37.62407647
은평구,불광2동,서울특별시 은평구 불광로22길 9-1,126.9302124,37.62474932
은평구,불광2동,서울특별시 은평구 불광로22길 28,126.9311472,37.62592011
은평구,불광2동,서울특별시 은평구 불광로20길 14,126.931036,37.62418913
은평구,불광2동,서울특별시 은평구 불광2동 16-238,126.9325264,37.62136436
은평구,불광2동,서울특별시 은평구 불광로 174-1,126.9317343,37.62209605
은평구,불광2동,서울특별시 은평구 불광로18가길 4,126.9321023,37.62250484
은평구,불광2동,서울특별시 은평구 불광로18가길 14-1,126.932945,37.62299
은평구,불광2동,서울특별시 은평구 불광로18길 17,126.9331303,37.62270334
은평구,불광2동,서울특별시 은평구 불광로18가길 12,126.9326861,37.62287053
은평구,불광2동,서울특별시 은평구 불광로16길 24-4,126.9339714,37.62171079
은평구,불광2동,서울특별시 은평구 연서로43길 9-26,126.927622,37.62685227
은평구,불광2동,서울특별시 은평구 불광2동 81-7,126.9274257,37.62631888
은평구,불광2동,서울특별시 은평구 연서로41길 21,126.9267474,37.62622262
은평구,불광2동,서울특별시 은평구 불광2동 76-25,126.9270216,37.62684682
은평구,불광2동,서울특별시 은평구 연서로43길 15-11,126.9270216,37.62684682
은평구,불광2동,서울특별시 은평구 불광2동 90-28,126.9280985,37.62522573
은평구,불광2동,서울특별시 은평구 연서로37길 40,126.9276202,37.62460869
은평구,불광2동,서울특별시 은평구 연서로37길 46,126.9278283,37.62510614
은평구,불광2동,서울특별시 은평구 연서로41가길 9-3,126.9266504,37.62587934
은평구,불광2동,서울특별시 은평구 연서로41길 21-11,126.925955,37.62617937
은평구,불광2동,서울특별시 은평구 연서로41가길 23-7,126.9248543,37.62552062
은평구,불광2동,서울특별시 은평구 연서로41가길 19,126.9254991,37.62558055
은평구,불광2동,서울특별시 은평구 연서로37가길 11-7,126.9254127,37.62449853
은평구,불광2동,서울특별시 은평구 연서로37가길 10-1,126.9260349,37.62455825
은평구,불광2동,서울특별시 은평구 연서로37길 27,126.9266668,37.62394228
은평구,불광2동,서울특별시 은평구 연서로37길 35-9,126.9269191,37.62452123
은평구,불광2동,서울특별시 은평구 연서로37길 24-2,126.9266297,37.62337429
은평구,불광2동,서울특별시 은평구 연서로35길 32,126.925617,37.62368946
은평구,불광2동,서울특별시 은평구 연서로35길 8-7,126.9257374,37.62240208
은평구,불광2동,서울특별시 은평구 연서로35길 10,126.9257059,37.6222306
은평구,불광2동,서울특별시 은평구 연서로35길 15,126.9252143,37.62254149
은평구,불광2동,서울특별시 은평구 연서로33길 14-2,126.9242388,37.62184783
은평구,불광2동,서울특별시 은평구 통일로80길 17-20,126.9233106,37.62101043
은평구,불광2동,서울특별시 은평구 연서로31길 7,126.9234285,37.62068713
은평구,불광2동,서울특별시 은평구 통일로80길 16-6,126.9223295,37.61992025
은평구,불광2동,서울특별시 은평구 통일로80가길 16,126.9226115,37.6215717
은평구,불광2동,서울특별시 은평구 통일로80길 11-12,126.9217532,37.62060878
은평구,불광2동,서울특별시 은평구 통일로82가길 3,126.9208872,37.62096129
은평구,불광2동,서울특별시 은평구 통일로82길 18-9,126.9207967,37.62173534
은평구,불광2동,서울특별시 은평구 통일로82길 28,126.9202562,37.62229805
은평구,불광2동,서울특별시 은평구 통일로82길 40,126.9206172,37.62318436
은평구,불광2동,서울특별시 은평구 통일로82길 44,126.9208958,37.62350227
은평구,불광2동,서울특별시 은평구 통일로 908,126.9202188,37.62409977
은평구,불광2동,서울특별시 은평구 통일로 900-6,126.9203632,37.62351542
은평구,불광2동,서울특별시 은평구 통일로88가길 3-4,126.921213,37.62428906
은평구,불광2동,서울특별시 은평구 불광2동 266,126.9296079,37.6123727
은평구,불광2동,서울특별시 은평구 통일로88가길 9-4,126.9217741,37.62465459
은평구,불광2동,서울특별시 은평구 불광2동 254,126.9275977,37.61354383
은평구,불광2동,서울특별시 은평구 통일로90길 6,126.9203454,37.62474967
은평구,불광2동,서울특별시 은평구 통일로 942-11,126.9204028,37.62704782
은평구,불광2동,서울특별시 은평구 통일로94길 24,126.921892,37.62669199
은평구,불광2동,서울특별시 은평구 통일로92가길 27-6,126.9224395,37.62721959
은평구,불광2동,서울특별시 은평구 통일로92가길 31-2,126.9227202,37.62739334
은평구,불광2동,서울특별시 은평구 통일로92가길 17,126.9222495,37.62625375
은평구,불광2동,서울특별시 은평구 통일로92가길 7,126.9212383,37.62646077
은평구,불광2동,서울특별시 은평구 통일로92길 5,126.9208246,37.62607856
은평구,불광2동,서울특별시 은평구 통일로92나길 21,126.9230833,37.62420701
은평구,불광2동,서울특별시 은평구 통일로88길 13-18,126.9223881,37.62371411
은평구,불광2동,서울특별시 은평구 통일로88길 15-5,126.92181,37.62373587
은평구,불광2동,서울특별시 은평구 통일로88길 25,126.9221379,37.62299101
은평구,불광2동,서울특별시 은평구 통일로82나길 15,126.9218937,37.62264639
은평구,갈현1동,서울특별시 은평구 연서로29길 22-32,126.9182948,37.62006358
은평구,갈현1동,서울특별시 은평구 통일로83길 15,126.9182052,37.62077457
은평구,갈현1동,서울특별시 은평구 통일로83길 9-2,126.918738,37.62074341
은평구,갈현1동,서울특별시 은평구 통일로85길 17,126.917802,37.62202331
은평구,갈현1동,서울특별시 은평구 통일로87길 17-15,126.917982,37.62288995
은평구,갈현1동,서울특별시 은평구 통일로87길 6-29,126.9182052,37.62390114
은평구,갈현1동,서울특별시 은평구 통일로89길 18-10,126.9183375,37.62493854
은평구,갈현1동,서울특별시 은평구 통일로89길 18-46,126.9191205,37.62563049
은평구,갈현1동,서울특별시 은평구 갈현로47길 12,126.9181768,37.62743292
은평구,갈현1동,서울특별시 은평구 갈현로47길 13,126.9178488,37.62739387
은평구,갈현1동,서울특별시 은평구 갈현로47길 12,126.9181768,37.62743292
은평구,갈현1동,서울특별시 은평구 갈현로47길 31,126.916439,37.62852525
은평구,갈현1동,서울특별시 은평구 갈현로47길 39,126.9158214,37.62892505
은평구,갈현1동,서울특별시 은평구 갈현로47길 42-1,126.9155888,37.62933739
은평구,갈현1동,서울특별시 은평구 갈현로47길 32-2,126.916685,37.62874376
은평구,갈현1동,서울특별시 은평구 갈현로45길 50,126.9144389,37.6289484
은평구,갈현1동,서울특별시 은평구 갈현로45길 53,126.9139733,37.62902521
은평구,갈현1동,서울특별시 은평구 갈현로45길 41-1,126.9148888,37.62839389
은평구,갈현1동,서울특별시 은평구 갈현로45가길 4-7,126.9155117,37.62762473
은평구,갈현1동,서울특별시 은평구 갈현로45가길 13,126.914917,37.62723183
은평구,갈현1동,서울특별시 은평구 갈현로45길 20-10,126.9165407,37.62776031
은평구,갈현1동,서울특별시 은평구 갈현1동 12-82,126.9171804,37.62661286
은평구,갈현1동,서울특별시 은평구 갈현로45길 5,126.9175622,37.62606673
은평구,갈현1동,서울특별시 은평구 갈현로45길 13-5,126.9165803,37.62658934
은평구,갈현1동,서울특별시 은평구 갈현로43길 5,126.9166446,37.62528344
은평구,갈현1동,서울특별시 은평구 갈현로43길 1-9,126.9164816,37.6248044
은평구,갈현1동,서울특별시 은평구 갈현로41길 13-9,126.9154816,37.62423659
은평구,갈현1동,서울특별시 은평구 갈현로37길 20-17,126.9155079,37.62398454
은평구,갈현1동,서울특별시 은평구 갈현로37길 21,126.9156979,37.62338259
은평구,갈현1동,서울특별시 은평구 갈현로37길 22-1,126.9154896,37.62368703
은평구,갈현1동,서울특별시 은평구 갈현로37길 28-1,126.9149012,37.62363658
은평구,갈현1동,서울특별시 은평구 갈현로41길 9-4,126.9161388,37.6242246
은평구,갈현1동,서울특별시 은평구 갈현로41가길 5,126.9152351,37.6256129
은평구,갈현1동,서울특별시 은평구 갈현로41가길 19,126.9149357,37.62672742
은평구,갈현1동,서울특별시 은평구 갈현로41가길 7-22,126.9140399,37.62678226
은평구,갈현1동,서울특별시 은평구 갈현로41가길 11,126.9149908,37.62605216
은평구,갈현1동,서울특별시 은평구 갈현로37가길 13-6,126.9140469,37.62552089
은평구,갈현1동,서울특별시 은평구 갈현로41길 50-19,126.9120267,37.6265565
은평구,갈현1동,서울특별시 은평구 갈현로41길 54,126.9124808,37.6264886
은평구,갈현1동,서울특별시 은평구 갈현로41길 45-9,126.9126477,37.62592249
은평구,갈현1동,서울특별시 은평구 갈현로37가길 11-1,126.9137893,37.62532029
은평구,갈현1동,서울특별시 은평구 갈현로37가길 2-1,126.9128565,37.62480714
은평구,갈현1동,서울특별시 은평구 갈현로37길 51,126.9125527,37.62466018
은평구,갈현1동,서울특별시 은평구 갈현로37길 43,126.9133635,37.62421712
은평구,갈현1동,서울특별시 은평구 갈현로33가길 7-41,126.9125277,37.62404725
은평구,갈현1동,서울특별시 은평구 갈현로33가길 11-9,126.9133041,37.62284701
은평구,갈현1동,서울특별시 은평구 갈현로33가길 11-12,126.9133807,37.62303693
은평구,갈현1동,서울특별시 은평구 갈현로33가길 5-12,126.91305,37.62240317
은평구,갈현1동,서울특별시 은평구 갈현로33가길 7,126.9134865,37.62199271
은평구,갈현1동,서울특별시 은평구 갈현로33가길 22,126.9135241,37.62329955
은평구,갈현1동,서울특별시 은평구 갈현로39가길 9-1,126.914277,37.62293705
은평구,갈현1동,서울특별시 은평구 갈현로39가길 2,126.9148043,37.6225094
은평구,갈현1동,서울특별시 은평구 갈현로37길 5,126.9161562,37.62224249
은평구,갈현1동,서울특별시 은평구 갈현로35길 6-12,126.9160853,37.62166518
은평구,갈현1동,서울특별시 은평구 갈현로35길 12-13,126.9157423,37.62188729
은평구,갈현1동,서울특별시 은평구 갈현로35길 12-3,126.9153632,37.62146934
은평구,갈현1동,서울특별시 은평구 갈현로35길 14,126.9151486,37.62142232
은평구,갈현1동,서울특별시 은평구 갈현로35길 17-5,126.9146131,37.62163365
은평구,갈현1동,서울특별시 은평구 갈현로35길 5,126.9158914,37.62097862
은평구,갈현1동,서울특별시 은평구 갈현로35길 4,126.9160822,37.62109751
은평구,갈현1동,서울특별시 은평구 갈현로39길 3,126.9164113,37.62262326
은평구,갈현1동,서울특별시 은평구 갈현로 295-2,126.9167073,37.62330175
은평구,갈현2동,서울특별시 은평구 연서로29길31,126.9166791,37.61977847
은평구,갈현2동,서울특별시 은평구 연서로27길26-12,126.9172912,37.61896414
은평구,갈현2동,서울특별시 은평구 연서로27길5,126.9187039,37.61762554
은평구,갈현2동,서울특별시 은평구 연서로25길5,126.9180623,37.61655645
은평구,갈현2동,서울특별시 은평구 연서로21길6,126.9170711,37.61461015
은평구,갈현2동,서울특별시 은평구 연서로19길7-7,126.9166724,37.61320089
은평구,갈현2동,서울특별시 은평구 연서로19길7,126.9167247,37.61349871
은평구,갈현2동,서울특별시 은평구 연서로17길20-11,126.9153489,37.61386452
은평구,갈현2동,서울특별시 은평구 연서로19길16-10,126.9160777,37.61437579
은평구,갈현2동,서울특별시 은평구 연서로21길15,126.9156864,37.61480469
은평구,갈현2동,서울특별시 은평구 연서로21길15,126.9156864,37.61480469
은평구,갈현2동,서울특별시 은평구 연서로21길19-6,126.9154043,37.61473002
은평구,갈현2동,서울특별시 은평구 연서로17길20-11,126.9153489,37.61386452
은평구,갈현2동,서울특별시 은평구 서오릉로174,126.9142728,37.61308876
은평구,갈현2동,서울특별시 은평구 연서로21길23-3,126.9152881,37.61493619
은평구,갈현2동,서울특별시 은평구 연서로21길27-4,126.9145592,37.61520881
은평구,갈현2동,서울특별시 은평구 갈현동490-19,126.9130879,37.61434832
은평구,갈현2동,서울특별시 은평구 갈현동530-17,126.9144236,37.61440565
은평구,갈현2동,서울특별시 은평구 연서로19길35,126.9138664,37.6145537
은평구,갈현2동,서울특별시 은평구 연서로19길32,126.9144096,37.61458573
은평구,갈현2동,서울특별시 은평구 갈현로214-12,126.9149292,37.6162484
은평구,갈현2동,서울특별시 은평구 갈현로220-22,126.9157043,37.61669702
은평구,갈현2동,서울특별시 은평구 연서로25길23-10,126.9159676,37.6172851
은평구,갈현2동,서울특별시 은평구 연서로27길31-7,126.9161111,37.6183226
은평구,갈현2동,서울특별시 은평구 갈현로29길52,126.9116681,37.62239946
은평구,갈현2동,서울특별시 은평구 갈현로29길45,126.9116896,37.62169686
은평구,갈현2동,서울특별시 은평구 갈현로29길31,126.9124956,37.62080325
은평구,갈현2동,서울특별시 은평구 갈현로29길52,126.9116681,37.62239946
은평구,갈현2동,서울특별시 은평구 갈현로27길6,126.9144805,37.61828961
은평구,갈현2동,서울특별시 은평구 갈현로27길6,126.9144805,37.61828961
은평구,갈현2동,서울특별시 은평구 갈현로27길11,126.9137335,37.6182467
은평구,갈현2동,서울특별시 은평구 갈현로25길12-7,126.9139434,37.61783416
은평구,갈현2동,서울특별시 은평구 갈현로25길11,126.9137587,37.61729184
은평구,갈현2동,서울특별시 은평구 갈현로25길11,126.9137587,37.61729184
은평구,갈현2동,서울특별시 은평구 갈현동513-1,126.9133054,37.6173057
은평구,갈현2동,서울특별시 은평구 갈현동515-30,126.9135559,37.61799278
은평구,갈현2동,서울특별시 은평구 갈현동534-2,126.9139862,37.61800575
은평구,갈현2동,서울특별시 은평구 갈현로29길27,126.9119931,37.62030306
은평구,갈현2동,서울특별시 은평구 갈현로27길35-1,126.9113642,37.61915296
은평구,갈현2동,서울특별시 은평구 갈현로27길45-4,126.9103279,37.61953084
은평구,갈현2동,서울특별시 은평구 갈현로21길13,126.9120213,37.61603244
은평구,갈현2동,서울특별시 은평구 연서로19길3-1,126.9151603,37.61437637
은평구,갈현2동,서울특별시 은평구 서오릉로18길6-17,126.9109641,37.61473423
은평구,갈현2동,서울특별시 은평구 서오릉로8길6-13,126.9233964,37.60875719
은평구,갈현2동,서울특별시 은평구 서오릉로18길10,126.9105721,37.61520816
은평구,갈현2동,서울특별시 은평구 서오릉로18길16,126.9108807,37.61579667
은평구,갈현2동,서울특별시 은평구 서오릉로18길27,126.9108904,37.61668878
은평구,갈현2동,서울특별시 은평구 갈현동327-8,126.9096726,37.61630813
은평구,갈현2동,서울특별시 은평구 서오릉로228-7,126.9093652,37.61563853
은평구,갈현2동,서울특별시 은평구 서오릉로20길8-16,126.9098614,37.61578727
은평구,갈현2동,서울특별시 은평구 서오릉로18길13-16,126.9102865,37.6161516
은평구,갈현2동,서울특별시 은평구 갈현동327-23,126.9101537,37.61671803
은평구,갈현2동,서울특별시 은평구 서오릉로22길7,126.9079448,37.61672466
은평구,갈현2동,서울특별시 은평구 서오릉로22길14,126.9080725,37.61728448
은평구,구산동,서울특별시 은평구 서오릉로21길33-8,126.9067609,37.61325376
은평구,구산동,서울특별시 은평구 서오릉로17길28-22,126.9082061,37.61356446
은평구,구산동,서울특별시 은평구 서오릉로17길28-16,126.9082061,37.61356446
은평구,구산동,서울특별시 은평구 서오릉로17길28,126.9078897,37.6127416
은평구,구산동,서울특별시 은평구 서오릉로17길26,126.9079331,37.61286815
은평구,구산동,서울특별시 은평구 갈현로17가길3-10,126.9102282,37.61238476
은평구,구산동,서울특별시 은평구 갈현로17가길5-4,126.9103945,37.61262957
은평구,구산동,서울특별시 은평구 갈현로17가길10,126.9107467,37.61255173
은평구,구산동,서울특별시 은평구 갈현로17가길5-4,126.9103945,37.61262957
은평구,구산동,서울특별시 은평구 갈현로17가길3-5,126.9103601,37.6118814
은평구,구산동,서울특별시 은평구 갈현로17가길15-7,126.9106011,37.61244226
은평구,구산동,서울특별시 은평구 서오릉로15길5-2,126.9100641,37.61353657
은평구,구산동,서울특별시 은평구 갈현로17길11-7,126.9099838,37.61127424
은평구,구산동,서울특별시 은평구 갈현로17길11-6,126.9098955,37.61112025
은평구,구산동,서울특별시 은평구 갈현로17나길,126.9101574,37.60946477
은평구,구산동,서울특별시 은평구 갈현로15길20-16,126.9087858,37.60799244
은평구,구산동,서울특별시 은평구 갈현로15길12-9,126.9092567,37.60832116
은평구,구산동,서울특별시 은평구 갈현로15길16-11,126.9088464,37.60849758
은평구,구산동,서울특별시 은평구 갈현로15길20-19,126.9085004,37.60892688
은평구,구산동,서울특별시 은평구 갈현로15길28-27,126.9080776,37.60918427
은평구,구산동,서울특별시 은평구 갈현로15길53,126.9055821,37.61099027
은평구,구산동,서울특별시 은평구 갈현로15길44,126.9069414,37.60942605
은평구,구산동,서울특별시 은평구 갈현로15길35,126.9072464,37.60870805
은평구,구산동,서울특별시 은평구 갈현로15길27-2,126.9073529,37.60839368
은평구,구산동,서울특별시 은평구 갈현로15길27-4,126.9072054,37.60841033
은평구,구산동,서울특별시 은평구 갈현로15길28-27,126.9080776,37.60918427
은평구,구산동,서울특별시 은평구 갈현로15길12-9,126.9092567,37.60832116
은평구,구산동,서울특별시 은평구 갈현로15길11,126.9095064,37.60751254
은평구,구산동,서울특별시 은평구 갈현로17나길40-1,126.9098158,37.60803799
은평구,구산동,서울특별시 은평구 갈현로17나길28,126.9098872,37.60935416
은평구,구산동,서울특별시 은평구 갈현로17나길26,126.9100219,37.60943649
은평구,구산동,서울특별시 은평구 갈현로17나길5,126.9105403,37.61117125
은평구,구산동,서울특별시 은평구 갈현로15길11-18,126.9090898,37.60656261
은평구,구산동,서울특별시 은평구 갈현로1가길19,126.9166336,37.60649687
은평구,구산동,서울특별시 은평구 갈현로11가길11,126.9083372,37.60614119
은평구,구산동,서울특별시 은평구 갈현로11가길9,126.9082607,37.60595126
은평구,구산동,서울특별시 은평구 갈현로11길37,126.9064744,37.60496163
은평구,구산동,서울특별시 은평구 갈현로11길46,126.9054009,37.60479852
은평구,구산동,서울특별시 은평구 서오릉로13길6-8,126.9128496,37.61281438
은평구,구산동,서울특별시 은평구 서오릉로13길3-10,126.914493,37.6119645
은평구,구산동,서울특별시 은평구 연서로15길4,126.9164611,37.61058596
은평구,구산동,서울특별시 은평구 연서로15길8,126.9160858,37.61069065
은평구,구산동,서울특별시 은평구 연서로15길12,126.9157327,37.61083157
은평구,구산동,서울특별시 은평구 연서로15길16,126.9152317,37.61101619
은평구,구산동,서울특별시 은평구 연서로15길18,126.9149579,37.61114883
은평구,구산동,서울특별시 은평구 서오릉로11길15,126.9147878,37.61116529
은평구,구산동,서울특별시 은평구 서오릉로13길9-15,126.9140749,37.61189758
은평구,구산동,서울특별시 은평구 갈현로154-9,126.912078,37.61135661
은평구,구산동,서울특별시 은평구 연서로15길46-5,126.9118022,37.61240828
은평구,구산동,서울특별시 은평구 서오릉로13길10-6,126.9129248,37.6123195
은평구,구산동,서울특별시 은평구 연서로15길35,126.9129915,37.61162632
은평구,구산동,서울특별시 은평구 서오릉로11길28,126.9139978,37.61018492
은평구,구산동,서울특별시 은평구 서오릉로11길20,126.9143507,37.61084591
은평구,구산동,서울특별시 은평구 연서로13길29-2,126.9124461,37.61018866
은평구,구산동,서울특별시 은평구 연서로13길29-35,126.9132183,37.60926771
은평구,구산동,서울특별시 은평구 연서로11길30-7,126.9122548,37.60932191
은평구,구산동,서울특별시 은평구 연서로11길32-3,126.9133063,37.60867384
은평구,구산동,서울특별시 은평구 연서로11길29-4,126.9120292,37.60848188
은평구,구산동,서울특별시 은평구 연서로11길29-6,126.9123127,37.60845746
은평구,구산동,서울특별시 은평구 연서로11길20-7,126.9133794,37.60909799
은평구,구산동,서울특별시 은평구 연서로11길20-14,126.9137385,37.60932655
은평구,구산동,서울특별시 은평구 연서로13길5-18,126.9147874,37.60884963
은평구,구산동,서울특별시 은평구 연서로11길6-10,126.9149376,37.60864378
은평구,구산동,서울특별시 은평구 연서로13길37-5,126.9123026,37.60993505
은평구,구산동,서울특별시 은평구 연서로9길16,126.9134463,37.60761191
은평구,구산동,서울특별시 은평구 연서로9길20-9,126.9132281,37.60781714
은평구,구산동,서울특별시 은평구 연서로9길22,126.9126989,37.60760503
은평구,구산동,서울특별시 은평구 갈현로16길4,126.9112531,37.60811432
은평구,구산동,서울특별시 은평구 갈현로16길13,126.9124053,37.60832316
은평구,구산동,서울특별시 은평구 갈현로142,126.9113083,37.61054761
은평구,구산동,서울특별시 은평구 서오릉로27길19,126.9043311,37.61752015
은평구,구산동,서울특별시 은평구 서오릉로27길26,126.9038611,37.61712835
은평구,구산동,서울특별시 은평구 서오릉로25가길2,126.9059297,37.61741783
은평구,구산동,서울특별시 은평구 서오릉로25가길5-6,126.9053001,37.61787152
은평구,구산동,서울특별시 은평구 서오릉로25길5-4,126.9058918,37.6169129
은평구,구산동,서울특별시 은평구 서오릉로25길5,126.9058094,37.61712839
은평구,구산동,서울특별시 은평구 서오릉로23길9-8,126.9071771,37.6149966
은평구,구산동,서울특별시 은평구 서오릉로23길9-3,126.9065754,37.61586503
은평구,구산동,서울특별시 은평구 구산동317-33,126.9083143,37.61469175
은평구,구산동,서울특별시 은평구 서오릉로17길2-9,126.9082218,37.61481704
은평구,구산동,서울특별시 은평구 서오릉로17길10-7,126.9082517,37.61432175
은평구,구산동,서울특별시 은평구 구산동345-10,126.9077804,37.61479494
은평구,구산동,서울특별시 은평구 서오릉로21길20,126.9068096,37.61456971
은평구,구산동,서울특별시 은평구 서오릉로21길20,126.9068096,37.61456971
은평구,구산동,서울특별시 은평구 구산동317-11,126.9072899,37.6142588
은평구,구산동,서울특별시 은평구 구산동355-5,126.9060968,37.61451807
은평구,구산동,서울특별시 은평구 서오릉로21가길11,126.9053477,37.61384437
은평구,구산동,서울특별시 은평구 서오릉로21길36,126.9049784,37.61276872
은평구,구산동,서울특별시 은평구 서오릉로21길29,126.90663,37.61368504
은평구,구산동,서울특별시 은평구 서오릉로21길380-8,126.9067353,37.61422664
은평구,구산동,서울특별시 은평구 서오릉로21길36,126.9049784,37.61276872
은평구,구산동,서울특별시 은평구 구산동383-8,126.9071066,37.61207661
은평구,구산동,서울특별시 은평구 서오릉로17길28-15,126.9082061,37.61356446
은평구,구산동,서울특별시 은평구 서오릉로17길28,126.9078897,37.6127416
은평구,구산동,서울특별시 은평구 서오릉로17길21-15,126.9085134,37.6126933
은평구,구산동,서울특별시 은평구 구산동147-3,126.9091569,37.6128344
은평구,구산동,서울특별시 은평구 서오릉로17길19-1,126.9083233,37.61329524
은평구,구산동,서울특별시 은평구 서오릉로17길19-1,126.9083233,37.61329524
은평구,구산동,서울특별시 은평구 서오릉로15길14,126.9096073,37.61301877
은평구,구산동,서울특별시 은평구 갈현로17나길12,126.9101853,37.6106634
은평구,대조동,서울특별시 은평구 역말로8길2,126.9227985,37.60938247
은평구,대조동,서울특별시 은평구 역말로8길5,126.9227985,37.60938247
은평구,대조동,서울특별시 은평구 역말로128,126.9185678,37.60823555
은평구,대조동,서울특별시 은평구 역말로158,126.9185678,37.60823555
은평구,대조동,서울특별시 은평구 역말로172,126.9247777,37.61351821
은평구,대조동,서울특별시 은평구 역말로161,126.9237536,37.61305837
은평구,대조동,서울특별시 은평구 역말로161-15,126.923104,37.61333177
은평구,대조동,서울특별시 은평구 역말로9길24-13,126.9225114,37.61358766
은평구,대조동,서울특별시 은평구 역말로9길33,126.9221305,37.61407976
은평구,대조동,서울특별시 은평구 역말로9길29,126.9220679,37.61370976
은평구,대조동,서울특별시 은평구 역말로157-17,126.9223618,37.61296459
은평구,대조동,서울특별시 은평구 역말로151,126.9229826,37.61233052
은평구,대조동,서울특별시 은평구 역말로9길17-5,126.9215203,37.61240728
은평구,대조동,서울특별시 은평구 역말로9길12,126.9219873,37.61223134
은평구,대조동,서울특별시 은평구 역말로18길30-9,126.9166336,37.60649687
은평구,대조동,서울특별시 은평구 역말로131-12,126.9209517,37.61099648
은평구,대조동,서울특별시 은평구 역말로115,126.9210057,37.60960939
은평구,대조동,서울특별시 은평구 서오릉로114-5,126.9199779,37.61019468
은평구,대조동,서울특별시 은평구 서오릉로114-11,126.9203019,37.61050399
은평구,대조동,서울특별시 은평구 서오릉로10길11,126.9197938,37.61117512
은평구,대조동,서울특별시 은평구 서오릉로10길14-10,126.9202328,37.61136835
은평구,대조동,서울특별시 은평구 서오릉로10길8,126.9198123,37.61067972
은평구,대조동,서울특별시 은평구 서오릉로128-6,126.918779,37.61085949
은평구,대조동,서울특별시 은평구 서오릉로128-16,126.9191814,37.61123259
은평구,대조동,서울특별시 은평구 진흥로121-3,126.9236834,37.6077056
은평구,대조동,서울특별시 은평구 연서로18길3-6,126.9182888,37.61264805
은평구,대조동,서울특별시 은평구 통일로71길ㄹ24-46,126.927511,37.61327274
은평구,대조동,서울특별시 은평구 연서로18가길16-32,126.919179,37.61374644
은평구,대조동,서울특별시 은평구 연서로18가길16-16,126.9199268,37.61373526
은평구,대조동,서울특별시 은평구 연서로18가길10,126.9203343,37.6129641
은평구,대조동,서울특별시 은평구 연서로18가길2,126.9201418,37.61217844
은평구,대조동,서울특별시 은평구 연서로18길9-15,126.9186345,37.61302064
은평구,대조동,서울특별시 은평구 역말로9가길6-11,126.920986,37.61333046
은평구,대조동,서울특별시 은평구 역말로9가길2-16,126.9215904,37.61383155
은평구,대조동,서울특별시 은평구 역말로9길37-21,126.9214981,37.61394784
은평구,대조동,서울특별시 은평구 연서로24길25,126.9208853,37.61481624
은평구,대조동,서울특별시 은평구 연서로22길20,126.9202311,37.61462105
은평구,대조동,서울특별시 은평구 역말로123,126.9214506,37.61017209
은평구,대조동,서울특별시 은평구 연서로24길9,126.9198692,37.6161495
은평구,대조동,서울특별시 은평구 연서로20길3-3,126.9183657,37.61437873
은평구,대조동,서울특별시 은평구 연서로22길3-1,126.9186932,37.6152287
은평구,대조동,서울특별시 은평구 연서로26길17,126.9215052,37.61659693
은평구,대조동,서울특별시 은평구 연서로26길4-10,126.9197018,37.61676067
은평구,대조동,서울특별시 은평구 연서로26길3-3,126.9201118,37.61739513
은평구,대조동,서울특별시 은평구 연서로26길7-12,126.920709,37.61760783
은평구,대조동,서울특별시 은평구 연서로28길26,126.9221832,37.61671125
은평구,대조동,서울특별시 은평구 통일로75길6-11길,126.9226074,37.6163547
은평구,대조동,서울특별시 은평구 연서로26길25-17,126.9223845,37.61610038
은평구,대조동,서울특별시 은평구 통일로75길14-1,126.9223573,37.6156316
은평구,대조동,서울특별시 은평구 통일로75길18-1,126.9219858,37.61547503
은평구,대조동,서울특별시 은평구 연서로26길26,126.9215173,37.61575909
은평구,대조동,서울특별시 은평구 역말로147,126.922726,37.61205787
은평구,대조동,서울특별시 은평구 서오릉로10길12-10,126.9204551,37.61087481
은평구,대조동,서울특별시 은평구 통일로73길5-19,126.9247795,37.61496888
은평구,대조동,서울특별시 은평구 통일로745-6,126.9279081,37.61164548
은평구,대조동,서울특별시 은평구 통일로67길12-10,126.9277332,37.61120238
은평구,대조동,서울특별시 은평구 통일로65길6,126.9301974,37.60917037
은평구,대조동,서울특별시 은평구 통일로65길13-10,126.9290365,37.60877241
은평구,대조동,서울특별시 은평구 진흥로145-8,126.9254816,37.60867706
은평구,대조동,서울특별시 은평구 진흥로137,126.9250913,37.60825003
은평구,대조동,서울특별시 은평구 진흥로11-2,126.9246725,37.60586749
은평구,대조동,서울특별시 은평구 진흥로11길8-12,126.9235767,37.60803801
은평구,대조동,서울특별시 은평구 진흥로13길3-40,126.9252491,37.60908942
은평구,대조동,서울특별시 은평구 서오릉로8길19,126.923464,37.60878484
은평구,대조동,서울특별시 은평구 서오릉로8길15-4,126.9230587,37.60861896
은평구,대조동,서울특별시 은평구 서오릉로8길9-5,126.9225517,37.60843413
은평구,대조동,서울특별시 은평구 서오릉로88-10,126.9219867,37.60833888
은평구,대조동,서울특별시 은평구 역말로10길29,126.923809,37.60921147
은평구,대조동,서울특별시 은평구 역말로10길19-3,126.923809,37.60921147
은평구,대조동,서울특별시 은평구 역말로10길15-1,126.923809,37.60921147
은평구,대조동,서울특별시 은평구 역말로10길10,126.923809,37.60921147
은평구,대조동,서울특별시 은평구 역말로136-5,126.9185678,37.60823555
은평구,대조동,서울특별시 은평구 역말로10길3-4,126.923809,37.60921147
은평구,대조동,서울특별시 은평구 통일로71가길13-4,126.9254341,37.61356022
은평구,대조동,서울특별시 은평구 통일로71가길10-14,126.9257558,37.61403168
은평구,대조동,서울특별시 은평구 통일로71가길27,126.9254341,37.61356022
은평구,대조동,서울특별시 은평구 통일로71가길20-1,126.9254341,37.61356022
은평구,대조동,서울특별시 은평구 역말로10가길14,126.92555,37.61179525
은평구,대조동,서울특별시 은평구 진흥로13길34,126.9252491,37.60908942
은평구,대조동,서울특별시 은평구 진흥로13길19,126.9252491,37.60908942
은평구,대조동,서울특별시 은평구 통일로69길36-9,126.926772,37.61109454
은평구,대조동,서울특별시 은평구 통일로69길34,126.926772,37.61109454
은평구,대조동,서울특별시 은평구 통일로69길34-5,126.926772,37.61109454
은평구,대조동,서울특별시 은평구 역말로10가길18-10,126.92555,37.61179525
은평구,대조동,서울특별시 은평구 통일로69길28-28,126.926772,37.61109454
은평구,대조동,서울특별시 은평구 통일로69길28-8,126.926772,37.61109454
은평구,대조동,서울특별시 은평구 통일로69길12-10,126.9269311,37.61184384
은평구,대조동,서울특별시 은평구 통일로71길24-24,126.9259893,37.61275434
은평구,대조동,서울특별시 은평구 통일로71길24-5,126.9268629,37.61265415
은평구,대조동,서울특별시 은평구 진흥로13가길10,126.9261432,37.6099265
은평구,대조동,서울특별시 은평구 불광로1길11-5,126.9271324,37.60965617
은평구,대조동,서울특별시 은평구 불광로1길6,126.9277471,37.6102294
은평구,대조동,서울특별시 은평구 진흥로13가길17,126.926837,37.61050946
은평구,대조동,서울특별시 은평구 진흥로13가길23,126.9274462,37.61067718
은평구,대조동,서울특별시 은평구 통일로69길34-16,126.926772,37.61109454
은평구,응암1동,서울특별시 은평구 은평로9길 3-5,126.9208971,37.60065214
은평구,응암1동,서울특별시 은평구 은평로9길 6-2,126.9217228,37.60072275
은평구,응암1동,서울특별시 은평구 은평로11길 9,126.9231035,37.6015733
은평구,응암1동,서울특별시 은평구 서오릉로 9-5,126.9261176,37.60224046
은평구,응암1동,서울특별시 은평구 은평로13길 7-10,126.9250351,37.60191526
은평구,응암1동,서울특별시 은평구 은평로11길 6-7,126.9238072,37.60146258
은평구,응암1동,서울특별시 은평구 응암로32길 5-6,126.9214284,37.59757546
은평구,응암1동,서울특별시 은평구 응암로34길 12,126.9220667,37.59807685
은평구,응암1동,서울특별시 은평구 은평로10길 13-15,126.9242471,37.59922301
은평구,응암1동,서울특별시 은평구 은평로12길 7,126.9254083,37.60037789
은평구,응암1동,서울특별시 은평구 은평로 166-1,126.9261697,37.60097949
은평구,응암1동,서울특별시 은평구 은평로14길 10-9,126.9281819,37.60043912
은평구,응암1동,서울특별시 은평구 은평로14길 6-6,126.9284137,37.60086471
은평구,응암1동,서울특별시 은평구 은평로14길 13,126.9288772,37.60013006
은평구,응암1동,서울특별시 은평구 은평로14길 22,126.928523,37.5995592
은평구,응암1동,서울특별시 은평구 백련산로14길 7,126.9276712,37.60051558
은평구,응암1동,서울특별시 은평구 은평로 194-6,126.9294319,37.60093701
은평구,응암1동,서울특별시 은평구 은평로 204-3,126.9302951,37.60075561
은평구,응암1동,서울특별시 은평구 은평로18길 6-10,126.9311087,37.60088011
은평구,응암1동,서울특별시 은평구 은평로12길 18-1,126.9251967,37.59933978
은평구,응암1동,서울특별시 은평구 은평로12길 15-1,126.9255786,37.5995595
은평구,응암1동,서울특별시 은평구 은평로12길 13-16,126.9262426,37.59984485
은평구,응암1동,서울특별시 은평구 은평로10길 17-9,126.9246775,37.59921792
은평구,응암1동,서울특별시 은평구 은평로10길 27-4,126.9251526,37.59846537
은평구,응암1동,서울특별시 은평구 응암로34길 21-26,126.9244181,37.59835958
은평구,응암1동,서울특별시 은평구 응암로32길 21-4,126.9227377,37.59709183
은평구,응암1동,서울특별시 은평구 응암로34길 18-12,126.9224387,37.59740447
은평구,응암1동,서울특별시 은평구 응암로34길 22,126.9230818,37.59757252
은평구,응암1동,서울특별시 은평구 은평로8길 44-5,126.9184813,37.59698988
은평구,응암1동,서울특별시 은평구 은평로4길 25,126.9169286,37.59707478
은평구,응암1동,서울특별시 은평구 은평로4길 28,126.9166798,37.59705447
은평구,응암1동,서울특별시 은평구 은평로4길 20,126.9168847,37.59775916
은평구,응암1동,서울특별시 은평구 은평로4길 12,126.9170348,37.59756231
은평구,응암1동,서울특별시 은평구 은평로4길 5,126.9172857,37.59900626
은평구,응암1동,서울특별시 은평구 은평로4길 7-3,126.9174817,37.59876477
은평구,응암1동,서울특별시 은평구 은평로4길 7-19,126.9179873,37.59903971
은평구,응암1동,서울특별시 은평구 은평로6길 8-6,126.9186109,37.59899136
은평구,응암1동,서울특별시 은평구 은평로8길 25,126.919813,37.5980833
은평구,응암1동,서울특별시 은평구 은평로8길 14,126.9201833,37.59910485
은평구,응암1동,서울특별시 은평구 은평로8길 1,126.9211911,37.59989796
은평구,응암2동,서울특별시 은평구 응암로24길 10,126.9193452,37.59441182
은평구,응암2동,서울특별시 은평구 응암로32길 6-4,126.9207319,37.59719066
은평구,응암2동,서울특별시 은평구 백련산로4길 10,126.9241543,37.59465393
은평구,응암2동,서울특별시 은평구 백련산로4길 21,126.9253974,37.59482742
은평구,응암2동,서울특별시 은평구 백련산로4길 13-20,126.9250533,37.59592356
은평구,응암2동,서울특별시 은평구 백련산로 91-10,126.9225465,37.59385538
은평구,응암2동,서울특별시 은평구 응암로20길 29,126.9211494,37.59258119
은평구,응암2동,서울특별시 은평구 응암로18길 17-1,126.9198615,37.5923712
은평구,응암2동,서울특별시 은평구 응암로16길 22,126.9198084,37.59134353
은평구,응암2동,서울특별시 은평구 응암로 214-13,126.9179785,37.59103846
은평구,응암2동,서울특별시 은평구 응암로16길 8-12,126.9184639,37.59114202
은평구,응암2동,서울특별시 은평구 응암로16길 2,126.9193681,37.59125841
은평구,응암2동,서울특별시 은평구 응암로18길 7,126.9187287,37.59240589
은평구,응암3동,서울특별시 은평구 응암로14길 24-19,126.9197138,37.58927029
은평구,응암3동,서울특별시 은평구 가좌로 191-3,126.9195648,37.58782727
은평구,응암3동,서울특별시 은평구 가좌로7길 9-10,126.9200874,37.5861381
은평구,응암3동,서울특별시 은평구 가좌로7가길 8-1,126.9198245,37.585523
은평구,응암3동,서울특별시 은평구 가좌로7가길 26-1,126.9200682,37.58432685
은평구,응암3동,서울특별시 은평구 가좌로7가길 31,126.9204024,37.58392444
은평구,응암3동,서울특별시 은평구 가좌로7가길 37,126.9205797,37.58340346
은평구,응암3동,서울특별시 은평구 가좌로7가길 25-53,126.9215891,37.58407043
은평구,응암3동,서울특별시 은평구 가좌로7가길 25-18,126.9210557,37.58415566
은평구,응암3동,서울특별시 은평구 가좌로7나길 7-10,126.9195291,37.58480848
은평구,응암3동,서울특별시 은평구 가좌로7라길 11,126.9167258,37.58526938
은평구,응암3동,서울특별시 은평구 가좌로7라길 33-8,126.9169265,37.58391966
은평구,응암3동,서울특별시 은평구 가좌로7나길 31,126.9193873,37.58365386
은평구,응암3동,서울특별시 은평구 응암로12길 13,126.9183405,37.5879242
은평구,응암3동,서울특별시 은평구 불광천길 294-1,126.9137557,37.58708023
은평구,응암3동,서울특별시 은평구 응암로9길 19-16,126.914074,37.58699305
은평구,응암3동,서울특별시 은평구 응암로11길 11-13,126.9148117,37.58844148
은평구,응암3동,서울특별시 은평구 불광천길 388-8,126.9147165,37.59109865
은평구,응암3동,서울특별시 은평구 가좌로 241-3,126.9157749,37.59072993
은평구,응암3동,서울특별시 은평구 응암로 221-7,126.9170614,37.59181396
은평구,응암3동,서울특별시 은평구 가좌로10길 12,126.9166982,37.5918737
은평구,응암3동,서울특별시 은평구 가좌로10길 24,126.9169782,37.59286741
은평구,응암3동,서울특별시 은평구 불광천길 420-5,126.915134,37.59276039
은평구,응암3동,서울특별시 은평구 불광천길 442-30,126.9153454,37.59302363
은평구,응암3동,서울특별시 은평구 불광천길 470-5,126.9158265,37.59498328
은평구,응암3동,서울특별시 은평구 응암로21가길 7,126.9168963,37.59461466
은평구,응암3동,서울특별시 은평구 응암로21가길 20,126.9177015,37.59531583
은평구,응암3동,서울특별시 은평구 응암로29길 15-2,126.9173534,37.5966732
은평구,응암3동,서울특별시 은평구 응암로25길 12-4,126.9172898,37.59559138
은평구,응암3동,서울특별시 은평구 응암로25길 14,126.9166804,37.59545064
은평구,응암3동,서울특별시 은평구 불광천길 486,126.915794,37.59566777
은평구,응암3동,서울특별시 은평구 응암로25길 22-8,126.9160394,37.59592231
은평구,응암3동,서울특별시 은평구 불광천길 506,126.9160087,37.59648067
은평구,역촌동,서울특별시 은평구 역말로4길7,126.9129296,37.60497615
은평구,역촌동,서울특별시 은평구 역말로2길7-8,126.9116737,37.6048925
은평구,역촌동,서울특별시 은평구 역말로2길11,126.9113736,37.60450229
은평구,역촌동,서울특별시 은평구 역말로2길7-15,126.9120188,37.60452626
은평구,역촌동,서울특별시 은평구 역말로3길10,126.9166336,37.60649687
은평구,역촌동,서울특별시 은평구 역말로6길11-10,126.9141428,37.60487918
은평구,역촌동,서울특별시 은평구 역말로6길12-13,126.9139786,37.60449022
은평구,역촌동,서울특별시 은평구 역말로5길3-1,126.9166336,37.60649687
은평구,역촌동,서울특별시 은평구 연서로3가길13-10,126.9143322,37.60353838
은평구,역촌동,서울특별시 은평구 연서로3가길13-24,126.9134929,37.60362077
은평구,역촌동,서울특별시 은평구 연서로3나길10,126.9132734,37.6031412
은평구,역촌동,서울특별시 은평구 연서로3나길11-7,126.9125588,37.60321572
은평구,역촌동,서울특별시 은평구 연서로3나길11-20,126.9120357,37.60336408
은평구,역촌동,서울특별시 은평구 연서로5길39,126.9110915,37.60365273
은평구,역촌동,서울특별시 은평구 연서로3가길6,126.9149876,37.60285962
은평구,역촌동,서울특별시 은평구 연서로3길12,126.9145176,37.60246786
은평구,역촌동,서울특별시 은평구 연서로3나길6-3,126.9133101,37.60295232
은평구,역촌동,서울특별시 은평구 은평로3길23-5,126.9145505,37.60098146
은평구,역촌동,서울특별시 은평구 은평로3길20-6,126.9149835,37.60079622
은평구,역촌동,서울특별시 은평구 은평로65-2,126.9150501,37.59932814
은평구,역촌동,서울특별시 은평구 연서로14-1,126.9165405,37.60041405
은평구,역촌동,서울특별시 은평구 연서로24,126.9162898,37.60130377
은평구,역촌동,서울특별시 은평구 연서로3길14,126.9141785,37.60241969
은평구,역촌동,서울특별시 은평구 연서로3길17,126.9136283,37.60209927
은평구,역촌동,서울특별시 은평구 갈현로4길17-18,126.9124495,37.60138562
은평구,역촌동,서울특별시 은평구 갈현로4길11,126.9115615,37.60171083
은평구,역촌동,서울특별시 은평구 갈현로4길5-27,126.9110514,37.60251706
은평구,역촌동,서울특별시 은평구 갈현로7길41,126.9062662,37.60448216
은평구,역촌동,서울특별시 은평구 갈현로7길36,126.9068503,37.60481194
은평구,역촌동,서울특별시 은평구 갈현로7길22,126.9082845,37.60432062
은평구,역촌동,서울특별시 은평구 갈현로9길11,126.9089789,37.60484963
은평구,역촌동,서울특별시 은평구 갈현로9길7,126.9096367,37.60478362
은평구,역촌동,서울특별시 은평구 갈현로9길11,126.9089789,37.60484963
은평구,역촌동,서울특별시 은평구 갈현로15길7-23,126.9099269,37.60663341
은평구,역촌동,서울특별시 은평구 갈현로15길7-6,126.9097717,37.60718161
은평구,역촌동,서울특별시 은평구 갈현로99-1,126.9104892,37.60690891
은평구,역촌동,서울특별시 은평구 역말로28,126.9132042,37.60556434
은평구,역촌동,서울특별시 은평구 연서로58,126.9159298,37.60426486
은평구,역촌동,서울특별시 은평구 연서로66,126.9158165,37.60504772
은평구,역촌동,서울특별시 은평구 역말로72-1,126.9184965,37.60611748
은평구,역촌동,서울특별시 은평구 역말로82,126.9191559,37.6067272
은평구,역촌동,서울특별시 은평구 역말로85,126.9193273,37.60740454
은평구,역촌동,서울특별시 은평구 진흥로95,126.9221191,37.60543876
은평구,역촌동,서울특별시 은평구 진흥로75-1,126.921316,37.60380057
은평구,역촌동,서울특별시 은평구 진흥로5길14-1,126.9193709,37.60281869
은평구,역촌동,서울특별시 은평구 진흥로5길1,126.92072,37.6027229
은평구,역촌동,서울특별시 은평구 진흥로3길4,126.9200093,37.60174329
은평구,역촌동,서울특별시 은평구 진흥로3길6-1,126.9194994,37.60176566
은평구,역촌동,서울특별시 은평구 진흥로45,126.919948,37.6012832
은평구,역촌동,서울특별시 은평구 진흥로35,126.9192759,37.60077248
은평구,역촌동,서울특별시 은평구 진흥로15,126.917202,37.60009574
은평구,역촌동,서울특별시 은평구 연서로2길10-1,126.9173278,37.60079069
은평구,역촌동,서울특별시 은평구 연서로2길5,126.9168274,37.60093928
은평구,역촌동,서울특별시 은평구 연서로2길5,126.9168274,37.60093928
은평구,역촌동,서울특별시 은평구 진흥로1길12,126.9188712,37.60135445
은평구,역촌동,서울특별시 은평구 진흥로22,126.9246725,37.60586749
은평구,역촌동,서울특별시 은평구 진흥로1가길10,126.9175683,37.60217147
은평구,역촌동,서울특별시 은평구 연서로4길5-5,126.9170505,37.60273438
은평구,역촌동,서울특별시 은평구 연서로6길8-8,126.9164683,37.60383731
은평구,역촌동,서울특별시 은평구 진흥로1다길11-1,126.9170381,37.60359024
은평구,역촌동,서울특별시 은평구 진흥로1다길5,126.9178313,37.60356147
은평구,역촌동,서울특별시 은평구 진흥로1길38-4,126.9188031,37.60371453
은평구,역촌동,서울특별시 은평구 진흥로7가길11,126.9204288,37.60563958
은평구,역촌동,서울특별시 은평구 진흥로99-11,126.9217155,37.60593966
은평구,역촌동,서울특별시 은평구 서오릉로7길9-21,126.9218984,37.60660809
은평구,역촌동,서울특별시 은평구 진흥로9길7-9,126.921432,37.6051802
은평구,역촌동,서울특별시 은평구 진흥로7길6,126.9210025,37.60433832
은평구,역촌동,서울특별시 은평구 진흥로7길20,126.9194143,37.60452204
은평구,역촌동,서울특별시 은평구 진흥로1길42,126.9185589,37.6041538
은평구,역촌동,서울특별시 은평구 진흥로6길5-1,126.9166336,37.60649687
은평구,역촌동,서울특별시 은평구 역말로52-26,126.9163393,37.60492637
은평구,역촌동,서울특별시 은평구 진흥로1길55-28,126.9168859,37.60549903
은평구,역촌동,서울특별시 은평구 역말로84-8,126.9198579,37.60674263
은평구,역촌동,서울특별시 은평구 역말로67,126.9175897,37.60617225
은평구,역촌동,서울특별시 은평구 역말로59,126.9169879,37.60627486
은평구,역촌동,서울특별시 은평구 역말로51-14,126.9164393,37.60662123
은평구,역촌동,서울특별시 은평구 연서로10길7,126.9161204,37.60752834
은평구,역촌동,서울특별시 은평구 연서로10길10,126.91644,37.60735107
은평구,역촌동,서울특별시 은평구 연서로108-6,126.9161739,37.60851997
은평구,역촌동,서울특별시 은평구 연서로14길14-3,126.9172408,37.60836757
은평구,역촌동,서울특별시 은평구 연서로14길11-5,126.917449,37.60884702
은평구,역촌동,서울특별시 은평구 서오릉로117,126.919145,37.60983566
은평구,역촌동,서울특별시 은평구 역말로99,126.9199711,37.60831146
은평구,역촌동,서울특별시 은평구 연서로16길32-1,126.9194628,37.60821671
은평구,역촌동,서울특별시 은평구 연서로14길18,126.917505,37.60810869
은평구,역촌동,서울특별시 은평구 연서로8길17-6,126.9174604,37.60727933
은평구,역촌동,서울특별시 은평구 연서로8길9-3,126.9164902,37.60701815
은평구,역촌동,서울특별시 은평구 연서로14길5-7,126.9170236,37.60928463
은평구,역촌동,서울특별시 은평구 연서로16길8,126.9175026,37.60983864
은평구,역촌동,서울특별시 은평구 역촌동73-8,126.9088954,37.60358742
은평구,역촌동,서울특별시 은평구 역촌동71-5,126.9092768,37.605393
은평구,역촌동,서울특별시 은평구 역촌동71-5,126.9092768,37.605393
은평구,역촌동,서울특별시 은평구 역촌동221,126.9065384,37.60290787
은평구,역촌동,서울특별시 은평구 갈현로12길7,126.9115274,37.60638687
은평구,역촌동,서울특별시 은평구 갈현로12길13,126.9121023,37.60657237
은평구,역촌동,서울특별시 은평구 역말로19-9,126.9124154,37.60607067
은평구,역촌동,서울특별시 은평구 갈현로12길26,126.9133743,37.60633178
은평구,역촌동,서울특별시 은평구 역말로29-5,126.9135137,37.60608979
은평구,역촌동,서울특별시 은평구 갈현로14길32,126.9142492,37.60691648
은평구,역촌동,서울특별시 은평구 갈현로14길12,126.9119739,37.60683248
은평구,역촌동,서울특별시 은평구 갈현로4길27,126.913415,37.60118727
은평구,신사1동,서울특별시 은평구 은평로19-2,126.9099859,37.59792098
은평구,신사1동,서울특별시 은평구 은평로11-1,126.909247,37.5973375
은평구,신사1동,서울특별시 은평구 신사동14-33,126.9088346,37.59999174
은평구,신사1동,서울특별시 은평구 신사동14-33,126.9088346,37.59999174
은평구,신사1동,서울특별시 은평구 갈현로5길5-4,126.9094997,37.60175489
은평구,신사1동,서울특별시 은평구 갈현로5길25-11,126.9084009,37.60177178
은평구,신사1동,서울특별시 은평구 갈현로3가길7,126.9072317,37.60118431
은평구,신사1동,서울특별시 은평구 갈현로3가길2,126.9074201,37.60069048
은평구,신사1동,서울특별시 은평구 갈현로3나길10,126.9066037,37.60153891
은평구,신사1동,서울특별시 은평구 갈현로3나길1,126.9063555,37.60069866
은평구,신사1동,서울특별시 은평구 갈현로3다길12,126.9058545,37.60165812
은평구,신사1동,서울특별시 은평구 신사동287-9,126.9054055,37.60060877
은평구,신사1동,서울특별시 은평구 갈현로1길32,126.9066212,37.59956582
은평구,신사1동,서울특별시 은평구 갈현로1길32,126.9066212,37.59956582
은평구,신사1동,서울특별시 은평구 가좌로12길20-7,126.908226,37.599013
은평구,신사1동,서울특별시 은평구 은평로3가길34,126.9113298,37.59895154
은평구,신사1동,서울특별시 은평구 은평로3가길24,126.9122897,37.59914058
은평구,신사1동,서울특별시 은평구 신사동6-35,126.9116885,37.59998202
은평구,신사1동,서울특별시 은평구 갈현로4길8,126.9112343,37.60162672
은평구,신사1동,서울특별시 은평구 갈현로4길26-2,126.9121983,37.60075259
은평구,신사1동,서울특별시 은평구 은평로3가길13,126.9131855,37.59905872
은평구,신사1동,서울특별시 은평구 은평로3가길14-8,126.913597,37.59957609
은평구,신사1동,서울특별시 은평구 갈현로4길40-8,126.9138064,37.59997447
은평구,신사1동,서울특별시 은평구 신사동2-17,126.9144888,37.59898961
은평구,신사1동,서울특별시 은평구 신사동4-7,126.9121178,37.59849927
은평구,신사1동,서울특별시 은평구 신사동4-12,126.9116108,37.5983234
은평구,신사1동,서울특별시 은평구 신사동27-29,126.9116163,37.59638623
은평구,신사1동,서울특별시 은평구 신사동29-23,126.910297,37.59755443
은평구,신사1동,서울특별시 은평구 은평로2길5-11,126.9128239,37.59744255
은평구,신사1동,서울특별시 은평구 신사동22-17,126.9140501,37.59800345
은평구,신사1동,서울특별시 은평구 신사동22-15,126.9148199,37.59880343
은평구,신사1동,서울특별시 은평구 신사동24-1,126.9149008,37.59712826
은평구,신사1동,서울특별시 은평구 증산로449,126.9145854,37.59623334
은평구,신사1동,서울특별시 은평구 신사동34-8,126.9142235,37.59464419
은평구,신사1동,서울특별시 은평구 신사동35-18,126.9138569,37.59337037
은평구,신사1동,서울특별시 은평구 신사동36-40,126.9129785,37.59382182
은평구,신사1동,서울특별시 은평구 신사동38-10,126.9115632,37.59458368
은평구,신사1동,서울특별시 은평구 증산로19길14,126.9130969,37.59502128
은평구,신사1동,서울특별시 은평구 증산로21가길6,126.9134147,37.59652893
은평구,신사1동,서울특별시 은평구 증산로395,126.9134301,37.59157339
은평구,신사1동,서울특별시 은평구 증산로379,126.9129405,37.59019932
은평구,신사1동,서울특별시 은평구 증산로379,126.9129405,37.59019932
은평구,신사1동,서울특별시 은평구 은평로16,126.9102324,37.59732857
은평구,신사2동,서울특별시 은평구 가좌로11가길7,126.9069997,37.59691127
은평구,신사2동,서울특별시 은평구 가좌로11가길12,126.9065741,37.59736686
은평구,신사2동,서울특별시 은평구 가좌로11가길32-7,126.9043575,37.59716612
은평구,신사2동,서울특별시 은평구 가좌로11가길18-1,126.9058854,37.59722533
은평구,신사2동,서울특별시 은평구 은평터널로9가길5,126.9061064,37.59449725
은평구,신사2동,서울특별시 은평구 은평터널로9가길14,126.9060401,37.5951634
은평구,신사2동,서울특별시 은평구 은평터널로13길25,126.9061735,37.59533583
은평구,신사2동,서울특별시 은평구 은평터널로13길18,126.9069623,37.59559542
은평구,신사2동,서울특별시 은평구 은평터널로187-8,126.9081969,37.5955798
은평구,신사2동,서울특별시 은평구 은평터널로175,126.9080886,37.59446152
은평구,신사2동,서울특별시 은평구 은평터널로173-8,126.9075789,37.59447483
은평구,신사2동,서울특별시 은평구 은평터널로169-8,126.9074242,37.5942121
은평구,신사2동,서울특별시 은평구 은평터널로9길11-2,126.906396,37.59405843
은평구,신사2동,서울특별시 은평구 은평터널로178,126.908484,37.59452825
은평구,신사2동,서울특별시 은평구 은평터널로182-25,126.9102118,37.59485054
은평구,신사2동,서울특별시 은평구 은평터널로182-51,126.9094943,37.59435737
은평구,신사2동,서울특별시 은평구 가좌로305-5,126.9100739,37.59499344
은평구,신사2동,서울특별시 은평구 은평터널로188,126.9088245,37.59525222
은평구,신사2동,서울특별시 은평구 은평터널로192-7,126.909297,37.59546382
은평구,신사2동,서울특별시 은평구 가좌로309-8,126.9097278,37.59543175
은평구,신사2동,서울특별시 은평구 가좌로305-5,126.9100739,37.59499344
은평구,신사2동,서울특별시 은평구 가좌로289,126.9120148,37.59390305
은평구,신사2동,서울특별시 은평구 은평터널로7길7-5,126.9054502,37.59213948
은평구,신사2동,서울특별시 은평구 은평터널로7가길2,126.9036374,37.59221278
은평구,신사2동,서울특별시 은평구 은평터널로7가길22-4,126.9027104,37.59210506
은평구,신사2동,서울특별시 은평구 은평터널로7길35,126.9025478,37.59238287
은평구,신사2동,서울특별시 은평구 은평터널로7길41,126.9018085,37.59261027
은평구,신사2동,서울특별시 은평구 은평터널로7가길14-6,126.9026532,37.59214958
은평구,신사2동,서울특별시 은평구 은평터널로5길22-4,126.9033399,37.59165138
은평구,신사2동,서울특별시 은평구 은평터널로5길9-2,126.9045754,37.59156372
은평구,신사2동,서울특별시 은평구 은평터널로7길7-26,126.9044451,37.59195897
은평구,신사2동,서울특별시 은평구 은평터널로7길7-20,126.9046829,37.59195217
은평구,신사2동,서울특별시 은평구 은평터널로143,126.905963,37.59191897
은평구,신사2동,서울특별시 은평구 은평터널로127-6,126.9048105,37.59097122
은평구,신사2동,서울특별시 은평구 은평터널로123,126.9047936,37.59058362
은평구,신사2동,서울특별시 은평구 은평터널로128-1,126.9051776,37.59065025
은평구,신사2동,서울특별시 은평구 은평터널로15길7-2067-6,126.9166336,37.60649687
은평구,신사2동,서울특별시 은평구 증산로17길45-1,126.9083632,37.59116628
은평구,신사2동,서울특별시 은평구 증산로17길47-11,126.9079694,37.59099145
은평구,신사2동,서울특별시 은평구 증산로17길37-4,126.9089123,37.59078391
은평구,신사2동,서울특별시 은평구 증산로15길26-19,126.9106548,37.59008817
은평구,신사2동,서울특별시 은평구 증산로29-11,126.9121359,37.59024597
은평구,신사2동,서울특별시 은평구 증산로38-2,126.9121359,37.59024597
은평구,신사2동,서울특별시 은평구 증산로17길10,126.9122898,37.59056275
은평구,신사2동,서울특별시 은평구 증산로17길6-22,126.9105665,37.59070906
은평구,신사2동,서울특별시 은평구 증산로17가길4,126.912175,37.59066982
은평구,신사2동,서울특별시 은평구 증산로17가길10,126.9123715,37.59117621
은평구,신사2동,서울특별시 은평구 증산로395-14,126.9130417,37.59180409
은평구,신사2동,서울특별시 은평구 증산로401-16,126.9127753,37.59221611
은평구,신사2동,서울특별시 은평구 증산로17길15,126.9114221,37.59027544
은평구,증산동,서울특별시 은평구 증산로13길16,126.9110748,37.58846117
은평구,증산동,서울특별시 은평구 증산로13길22,126.9104777,37.58825743
은평구,증산동,서울특별시 은평구 증산로13길25,126.9099918,37.58818988
은평구,증산동,서울특별시 은평구 증산로11길34,126.9090517,37.58743335
은평구,증산동,서울특별시 은평구 증산로13길33-1,126.9094189,37.58787824
은평구,증산동,서울특별시 은평구 증산로11길22,126.9103921,37.58791425
은평구,증산동,서울특별시 은평구 증산로11길17,126.9105678,37.58751041
은평구,증산동,서울특별시 은평구 증산서길139,126.9110703,37.5872177
은평구,증산동,서울특별시 은평구 증산서길125-97,126.9090902,37.58634345
은평구,증산동,서울특별시 은평구 증산서길125-69,126.9095963,37.58658239
은평구,증산동,서울특별시 은평구 증산서길125-115,126.9092644,37.58682261
은평구,증산동,서울특별시 은평구 증산로13길44,126.908462,37.58749999
은평구,증산동,서울특별시 은평구 증산로13가길31,126.9081003,37.58822648
은평구,증산동,서울특별시 은평구 증산로9길32-28,126.9077337,37.58619577
은평구,증산동,서울특별시 은평구 증산로9길32,126.9075507,37.58632022
은평구,증산동,서울특별시 은평구 증산로9길32-33,126.9077932,37.58677298
은평구,증산동,서울특별시 은평구 증산로9길20-14,126.9090347,37.58627086
은평구,증산동,서울특별시 은평구 증산로9길19,126.9084316,37.58569764
은평구,증산동,서울특별시 은평구 증산서길143,126.9112704,37.58747183
은평구,증산동,서울특별시 은평구 증산로5길5-19,126.9067769,37.58193404
은평구,증산동,서울특별시 은평구 증산로3길8-16,126.9060632,37.58118859
은평구,증산동,서울특별시 은평구 증산로서길64-14,126.9166336,37.60649687
은평구,증산동,서울특별시 은평구 증산로5길5,126.9073577,37.58248003
은평구,증산동,서울특별시 은평구 증산로7길7-20,126.9076533,37.58316755
은평구,증산동,서울특별시 은평구 증산로7길12-9,126.9080866,37.5845141
은평구,증산동,서울특별시 은평구 증산로7길10-13,126.9086875,37.58445658
은평구,증산동,서울특별시 은평구 증산로9길6-8,126.9077337,37.58619577
은평구,증산동,서울특별시 은평구 증산로서길130-1,126.9166336,37.60649687
은평구,증산동,서울특별시 은평구 증산로서길128-1,126.9166336,37.60649687
은평구,증산동,서울특별시 은평구 증산로13길1,126.9124111,37.58767155
은평구,증산동,서울특별시 은평구 증산로1길7-14,126.9029297,37.57869071
은평구,증산동,서울특별시 은평구 증산로269,126.9072292,37.58197427
은평구,증산동,서울특별시 은평구 증산로7길6-18,126.9090871,37.584226
은평구,증산동,서울특별시 은평구 증산로서길14-11,126.9166336,37.60649687
은평구,증산동,서울특별시 은평구 증산로3길8-19,126.9058888,37.58150234
은평구,증산동,서울특별시 은평구 증산로5길11-7,126.9067896,37.58261895
은평구,증산동,서울특별시 은평구 증산로11길29,126.909536,37.58760902
은평구,증산동,서울특별시 은평구 증산로13길44,126.908462,37.58749999
은평구,증산동,서울특별시 은평구 증산서길35,126.9085969,37.58523063
은평구,증산동,서울특별시 은평구 증산서길125-97,126.9090902,37.58634345
은평구,증산동,서울특별시 은평구 증산로9길19,126.9084316,37.58569764
은평구,증산동,서울특별시 은평구 증산로9길31,126.9074171,37.58616581
은평구,증산동,서울특별시 은평구 증산로5길36-11,126.9055884,37.58501359
은평구,증산동,서울특별시 은평구 증산로5길37,126.9048462,37.58466432
은평구,증산동,서울특별시 은평구 증산로5길38,126.9051277,37.58477505
은평구,증산동,서울특별시 은평구 증산서길79,126.9062377,37.58396539
은평구,증산동,서울특별시 은평구 증산서길79,126.9062377,37.58396539
은평구,증산동,서울특별시 은평구 증산로7길28-13,126.9069632,37.58545881
은평구,증산동,서울특별시 은평구 증산서길103,126.907996,37.58528815
은평구,증산동,서울특별시 은평구 증산로7길21,126.9070451,37.58450447
은평구,증산동,서울특별시 은평구 증산로5길25,126.9058315,37.58387153
은평구,증산동,서울특별시 은평구 증산서길63-12,126.9048617,37.58283537
은평구,증산동,서울특별시 은평구 증산로5길27-19,126.9051589,37.58341478
은평구,증산동,서울특별시 은평구 증산로5길27-17,126.9053496,37.58353368
은평구,증산동,서울특별시 은평구 증산로5길19,126.9061316,37.58347785
은평구,증산동,서울특별시 은평구 증산로5길11,126.9068772,37.58281798
은평구,수색동,서울특별시 은평구 수색동411-3,126.8906993,37.58579382
은평구,수색동,서울특별시 은평구 수색로22길10,126.8895368,37.58630551
은평구,수색동,서울특별시 은평구 수색동317-6,126.8888204,37.58651502
은평구,수색동,서울특별시 은평구 수색로22나길10-10,126.8888024,37.58696537
은평구,수색동,서울특별시 은평구 수색동317-1,126.8885183,37.5862689
은평구,수색동,서울특별시 은평구 수색로346-9,126.8876653,37.58728805
은평구,대조동,서울특별시 은평구 진흥로13가길17,126.926837,37.61050946
은평구,대조동,서울특별시 은평구 진흥로13가길23,126.9274462,37.61067718
은평구,대조동,서울특별시 은평구 통일로69길34-16,126.926772,37.61109454
